{
    "accuweather.com": {
        "scan_time": 1668278738.9401348
    },
    "allrecipes.com": {
        "scan_time": 1668278737.1345685
    },
    "amazon.com": {
        "scan_time": 1668278733.9994085
    },
    "aol.com": {
        "scan_time": 1668278737.6843479
    },
    "apartments.com": {
        "scan_time": 1668278739.601405
    },
    "apple.com": {
        "scan_time": 1668278734.931537
    },
    "bankofamerica.com": {
        "scan_time": 1668278739.8954215
    },
    "bbb.org": {
        "scan_time": 1668278739.9806926
    },
    "bestbuy.com": {
        "scan_time": 1668278736.4935586
    },
    "bleacherreport.com": {
        "scan_time": 1668278738.7657454
    },
    "books.google.com": {
        "scan_time": 1668278739.829601
    },
    "britannica.com": {
        "scan_time": 1668278736.1760774
    },
    "businessinsider.com": {
        "scan_time": 1668278736.2327573
    },
    "ca.gov": {
        "scan_time": 1668278738.607005
    },
    "cbssports.com": {
        "scan_time": 1668278738.4922287
    },
    "chase.com": {
        "scan_time": 1668278739.4530587
    },
    "cnet.com": {
        "scan_time": 1668278737.3344014
    },
    "cnn.com": {
        "scan_time": 1668278735.2446895
    },
    "craigslist.org": {
        "scan_time": 1668278734.474695
    },
    "dictionary.com": {
        "scan_time": 1668278736.2790241
    },
    "ebay.com": {
        "scan_time": 1668278734.600321
    },
    "en.wikipedia.org": {
        "scan_time": 1668278733.8106735
    },
    "espn.com": {
        "scan_time": 1668278734.9767296
    },
    "etsy.com": {
        "scan_time": 1668278734.8437335
    },
    "expedia.com": {
        "scan_time": 1668278740.027016
    },
    "facebook.com": {
        "scan_time": 1668278733.9532647
    },
    "fandom.com": {
        "scan_time": 1668278734.220907
    },
    "fb.com": {
        "scan_time": 1668278735.0873084
    },
    "finance.yahoo.com": {
        "scan_time": 1668278737.423731
    },
    "foodnetwork.com": {
        "scan_time": 1668278738.2596192
    },
    "forbes.com": {
        "scan_time": 1668278737.2865167
    },
    "foxnews.com": {
        "scan_time": 1668278737.0367212
    },
    "gamepedia.com": {
        "scan_time": 1668278735.352801
    },
    "genius.com": {
        "scan_time": 1668278737.0810692
    },
    "glassdoor.com": {
        "scan_time": 1668278737.242424
    },
    "go.com": {
        "scan_time": 1668278739.0662942
    },
    "google.com": {
        "scan_time": 1668278735.1786585
    },
    "groupon.com": {
        "scan_time": 1668278739.2180252
    },
    "healthline.com": {
        "scan_time": 1668278734.780751
    },
    "homedepot.com": {
        "scan_time": 1668278735.6566064
    },
    "huffpost.com": {
        "scan_time": 1668278739.7735496
    },
    "hulu.com": {
        "scan_time": 1668278738.3167417
    },
    "ign.com": {
        "scan_time": 1668278740.130567
    },
    "imdb.com": {
        "scan_time": 1668278734.1635785
    },
    "indeed.com": {
        "scan_time": 1668278734.8879042
    },
    "instagram.com": {
        "scan_time": 1668278734.36091
    },
    "investopedia.com": {
        "scan_time": 1668278739.2611046
    },
    "irs.gov": {
        "scan_time": 1668278737.4687
    },
    "linkedin.com": {
        "scan_time": 1668278734.6461174
    },
    "live.com": {
        "scan_time": 1668278738.4360933
    },
    "lowes.com": {
        "scan_time": 1668278737.5156424
    },
    "macys.com": {
        "scan_time": 1668278738.8196468
    },
    "mail.yahoo.com": {
        "scan_time": 1668278737.636899
    },
    "mapquest.com": {
        "scan_time": 1668278736.118315
    },
    "mayoclinic.org": {
        "scan_time": 1668278736.390438
    },
    "medicalnewstoday.com": {
        "scan_time": 1668278736.8045409
    },
    "merriam-webster.com": {
        "scan_time": 1668278735.2875118
    },
    "microsoft.com": {
        "scan_time": 1668278735.4776764
    },
    "msn.com": {
        "scan_time": 1668278736.7087862
    },
    "netflix.com": {
        "scan_time": 1668278735.916049
    },
    "nih.gov": {
        "scan_time": 1668278735.7602284
    },
    "npr.org": {
        "scan_time": 1668278739.5460773
    },
    "nytimes.com": {
        "scan_time": 1668278735.135429
    },
    "office.com": {
        "scan_time": 1668278737.970938
    },
    "paypal.com": {
        "scan_time": 1668278738.1974523
    },
    "pinterest.com": {
        "scan_time": 1668278734.2651455
    },
    "play.google.com": {
        "scan_time": 1668278734.712924
    },
    "quizlet.com": {
        "scan_time": 1668278735.9866989
    },
    "quora.com": {
        "scan_time": 1668278735.7067678
    },
    "reddit.com": {
        "scan_time": 1668278734.1170743
    },
    "retailmenot.com": {
        "scan_time": 1668278738.0253034
    },
    "roblox.com": {
        "scan_time": 1668278739.7085474
    },
    "rottentomatoes.com": {
        "scan_time": 1668278735.8303177
    },
    "spotify.com": {
        "scan_time": 1668278737.18173
    },
    "steamcommunity.com": {
        "scan_time": 1668278739.3786228
    },
    "steampowered.com": {
        "scan_time": 1668278737.7315202
    },
    "target.com": {
        "scan_time": 1668278735.558439
    },
    "techradar.com": {
        "scan_time": 1668278739.1525004
    },
    "theguardian.com": {
        "scan_time": 1668278736.5783465
    },
    "tripadvisor.com": {
        "scan_time": 1668278734.3126955
    },
    "twitter.com": {
        "scan_time": 1668278733.9083443
    },
    "urbandictionary.com": {
        "scan_time": 1668278736.8692725
    },
    "usatoday.com": {
        "scan_time": 1668278736.755365
    },
    "usnews.com": {
        "scan_time": 1668278736.9275236
    },
    "usps.com": {
        "scan_time": 1668278737.8617015
    },
    "walmart.com": {
        "scan_time": 1668278734.4215138
    },
    "washingtonpost.com": {
        "scan_time": 1668278737.7998953
    },
    "wayfair.com": {
        "scan_time": 1668278738.5422597
    },
    "weather.com": {
        "scan_time": 1668278736.03105
    },
    "webmd.com": {
        "scan_time": 1668278735.0418494
    },
    "wellsfargo.com": {
        "scan_time": 1668278739.5001004
    },
    "wikihow.com": {
        "scan_time": 1668278740.0782456
    },
    "wiktionary.org": {
        "scan_time": 1668278738.0802865
    },
    "wowhead.com": {
        "scan_time": 1668278740.1820652
    },
    "xfinity.com": {
        "scan_time": 1668278739.0196762
    },
    "yahoo.com": {
        "scan_time": 1668278736.6615818
    },
    "yellowpages.com": {
        "scan_time": 1668278739.3275044
    },
    "yelp.com": {
        "scan_time": 1668278734.044798
    },
    "youtube.com": {
        "scan_time": 1668278733.7331498
    },
    "zillow.com": {
        "scan_time": 1668278736.3336186
    }
}